,building_size,land_size,price,bedroom_count,bathroom_count,parking_count,property_type,product_depth
0,212.5,802.0,435000.0,2.0,1.0,1.0,House,premiere
1,171.0,164.5,320000.0,3.0,2.0,2.0,Apartment,premiere
2,98.0,127.0,310000.0,2.0,1.0,1.0,Unit,premiere
3,212.5,802.0,259000.0,1.0,1.0,0.0,House,premiere
4,201.0,127.0,439000.0,3.0,2.0,2.0,Unit,premiere
5,218.0,164.5,825000.0,3.0,2.0,2.0,Apartment,premiere
6,98.0,127.0,820000.0,3.0,2.0,2.0,Unit,premiere
7,98.0,105.0,369000.0,2.0,1.0,1.0,Unit,premiere
8,98.0,127.0,439000.0,2.0,2.0,1.0,Unit,premiere
9,135.0,164.5,455000.0,2.0,2.0,1.0,Apartment,premiere
10,135.0,164.5,280000.0,1.0,1.0,1.0,Apartment,premiere
12,173.0,127.0,439000.0,2.0,2.0,2.0,Unit,premiere
13,236.0,802.0,775000.0,3.0,2.0,2.0,House,premiere
14,181.0,164.5,625000.0,3.0,2.0,2.0,Apartment,premiere
15,98.0,127.0,599000.0,2.0,2.0,2.0,Unit,premiere
16,69.0,164.5,490000.0,1.0,1.0,1.0,Apartment,premiere
17,62.0,127.0,337500.0,1.0,1.0,0.0,Unit,premiere
19,138.0,802.0,439000.0,2.0,2.0,1.0,House,premiere
21,155.0,164.5,440000.0,2.0,2.0,2.0,Apartment,midtier
22,114.0,164.5,640000.0,2.0,2.0,2.0,Apartment,premiere
23,135.0,93.0,500000.0,1.0,1.0,1.0,Apartment,premiere
24,98.0,53.0,375000.0,1.0,1.0,1.0,Unit,premiere
25,98.0,127.0,375000.0,1.0,1.0,1.0,Unit,premiere
26,340.0,340.0,795000.0,3.0,3.0,4.0,Unit,premiere
28,212.5,802.0,485000.0,2.0,2.0,2.0,House,premiere
29,51.0,127.0,250000.0,1.0,1.0,1.0,Unit,premiere
30,135.0,164.5,549000.0,2.0,2.0,2.0,Apartment,premiere
31,48.0,164.5,299000.0,1.0,1.0,1.0,Apartment,premiere
32,135.0,146.0,395000.0,3.0,1.0,1.0,Apartment,premiere
34,98.0,127.0,475000.0,2.0,2.0,2.0,Unit,premiere
37,81.0,164.5,465000.0,1.0,1.0,1.0,Apartment,premiere
38,135.0,164.5,600000.0,3.0,2.0,2.0,Apartment,premiere
42,81.0,81.0,450000.0,1.0,1.0,1.0,House,premiere
43,135.0,164.5,749000.0,3.0,2.0,2.0,Apartment,premiere
45,98.0,127.0,289000.0,1.0,1.0,1.0,Unit,premiere
46,135.0,164.5,490000.0,2.0,2.0,2.0,Apartment,premiere
48,98.0,127.0,565000.0,2.0,2.0,2.0,Unit,premiere
49,130.0,164.5,399000.0,2.0,2.0,2.0,Apartment,premiere
50,135.0,192.0,469000.0,3.0,2.0,2.0,Apartment,premiere
51,135.0,253.0,649000.0,4.0,2.0,2.0,Apartment,premiere
52,98.0,127.0,499000.0,1.0,1.0,1.0,Unit,feature
53,135.0,164.5,400000.0,2.0,2.0,1.0,Apartment,premiere
54,135.0,260.0,800000.0,3.0,2.0,2.0,Apartment,premiere
56,53.0,164.5,299000.0,1.0,1.0,1.0,Apartment,premiere
57,98.0,74.0,580000.0,1.0,1.0,1.0,Unit,standard
58,138.0,164.5,375000.0,2.0,2.0,2.0,Apartment,premiere
59,135.0,164.5,489000.0,2.0,2.0,1.0,Apartment,feature
60,98.0,52.0,195000.0,1.0,1.0,1.0,Unit,premiere
61,135.0,101.0,505000.0,2.0,2.0,2.0,Apartment,premiere
62,135.0,164.5,325000.0,2.0,2.0,2.0,Apartment,feature
63,135.0,164.5,539000.0,2.0,2.0,1.0,Apartment,standard
64,135.0,164.5,180000.0,1.0,1.0,0.0,Apartment,feature
66,33.0,127.0,145000.0,1.0,1.0,0.0,Unit,standard
67,135.0,164.5,215000.0,1.0,1.0,1.0,Apartment,feature
68,135.0,164.5,450000.0,2.0,2.0,1.0,Apartment,standard
69,255.0,164.5,865000.0,3.0,2.0,2.0,Apartment,standard
70,135.0,120.0,400000.0,2.0,2.0,1.0,Apartment,premiere
71,98.0,154.0,369000.0,2.0,2.0,2.0,Unit,premiere
72,66.0,164.5,350000.0,1.0,1.0,1.0,Apartment,feature
73,98.0,127.0,549000.0,3.0,2.0,2.0,Unit,premiere
74,135.0,221.0,539000.0,2.0,2.0,1.0,Apartment,standard
76,110.0,164.5,490000.0,2.0,2.0,1.0,Apartment,premiere
77,135.0,164.5,209000.0,1.0,1.0,1.0,Apartment,feature
78,135.0,158.0,420000.0,2.0,2.0,2.0,Apartment,premiere
80,98.0,153.0,510000.0,3.0,2.0,2.0,Unit,standard
82,98.0,127.0,535000.0,2.0,2.0,2.0,Unit,premiere
83,98.0,66.0,335000.0,1.0,1.0,1.0,Unit,feature
85,135.0,164.5,850000.0,4.0,2.0,2.0,Apartment,feature
86,135.0,164.5,449000.0,3.0,2.0,2.0,Apartment,feature
88,80.0,92.0,580000.0,2.0,2.0,2.0,Unit,premiere
89,135.0,164.5,470000.0,3.0,2.0,1.0,Apartment,feature
90,135.0,117.0,539000.0,2.0,2.0,1.0,Apartment,feature
91,98.0,127.0,519000.0,2.0,2.0,2.0,Unit,premiere
92,98.0,50.0,219000.0,1.0,1.0,1.0,Unit,premiere
93,135.0,164.5,235000.0,1.0,1.0,1.0,Apartment,feature
94,135.0,164.5,315000.0,1.0,1.0,1.0,Apartment,feature
95,98.0,127.0,450000.0,3.0,2.0,2.0,Unit,feature
97,135.0,164.5,380000.0,2.0,2.0,0.0,Apartment,standard
98,135.0,164.5,275000.0,2.0,1.0,1.0,Apartment,feature
100,98.0,127.0,270000.0,1.0,1.0,1.0,Unit,feature
103,212.5,209.0,550000.0,3.0,2.0,1.0,House,feature
105,98.0,127.0,380000.0,1.0,1.0,1.0,Unit,feature
106,135.0,209.0,868000.0,3.0,2.0,2.0,Apartment,standard
108,135.0,164.5,539000.0,2.0,2.0,1.0,Apartment,feature
109,135.0,164.5,165000.0,1.0,1.0,1.0,Apartment,feature
111,135.0,164.5,589000.0,3.0,2.0,2.0,Apartment,standard
112,18.0,164.5,360000.0,2.0,2.0,2.0,Apartment,standard
113,135.0,163.0,430000.0,3.0,2.0,2.0,Apartment,standard
114,135.0,243.0,839000.0,3.0,2.0,2.0,Apartment,standard
115,33.0,127.0,147000.0,1.0,1.0,0.0,Unit,feature
116,98.0,54.0,270000.0,2.0,1.0,1.0,Unit,feature
117,231.0,127.0,795000.0,3.0,2.0,2.0,Unit,feature
118,98.0,127.0,430000.0,2.0,2.0,1.0,Unit,feature
120,98.0,135.0,375000.0,2.0,2.0,2.0,Unit,feature
122,135.0,144.0,529000.0,2.0,2.0,1.0,Apartment,feature
123,135.0,164.5,460000.0,1.0,1.0,1.0,Apartment,feature
124,98.0,127.0,195000.0,1.0,1.0,1.0,Unit,feature
125,135.0,211.0,479000.0,3.0,2.0,2.0,Apartment,feature
126,98.0,127.0,295000.0,2.0,1.0,1.0,Unit,feature
127,135.0,164.5,370000.0,1.0,1.0,1.0,Apartment,feature
129,98.0,127.0,520000.0,3.0,2.0,2.0,Unit,feature
130,135.0,164.5,449000.0,2.0,2.0,0.0,Apartment,feature
131,135.0,164.5,525000.0,2.0,2.0,2.0,Apartment,feature
133,135.0,164.5,500000.0,3.0,2.0,1.0,Apartment,premiere
135,186.0,164.5,595000.0,2.0,2.0,2.0,Apartment,standard
136,135.0,164.5,190000.0,1.0,1.0,1.0,Apartment,feature
139,98.0,127.0,375000.0,1.0,1.0,1.0,Unit,standard
140,135.0,164.5,389000.0,2.0,2.0,2.0,Apartment,standard
141,99.0,164.5,370000.0,2.0,2.0,0.0,Apartment,feature
143,135.0,164.5,175000.0,1.0,1.0,1.0,Apartment,feature
144,81.0,164.5,449000.0,1.0,1.0,1.0,Apartment,feature
145,98.0,127.0,329000.0,2.0,2.0,1.0,Unit,feature
146,135.0,777000.0,559000.0,3.0,2.0,2.0,Apartment,feature
148,135.0,164.5,279000.0,1.0,1.0,0.0,Apartment,standard
149,98.0,127.0,500000.0,2.0,2.0,0.0,Unit,feature
150,135.0,164.5,280000.0,2.0,1.0,1.0,Apartment,standard
152,135.0,164.5,800000.0,3.0,2.0,2.0,Apartment,standard
154,135.0,184.0,449000.0,3.0,2.0,1.0,Apartment,feature
155,135.0,164.5,455000.0,2.0,2.0,2.0,Apartment,standard
156,135.0,164.5,450000.0,2.0,2.0,1.0,Apartment,feature
157,158.0,127.0,685000.0,2.0,2.0,2.0,Unit,standard
158,98.0,127.0,289000.0,2.0,2.0,1.0,Unit,feature
159,135.0,106.7,429000.0,2.0,2.0,2.0,Apartment,standard
160,172.0,164.5,559000.0,2.0,2.0,1.0,Apartment,standard
162,54.0,54.0,375000.0,1.0,1.0,1.0,Unit,feature
163,6200.0,164.5,300000.0,1.0,1.0,0.0,Apartment,standard
164,135.0,164.5,450000.0,2.0,2.0,2.0,Apartment,feature
165,76.0,164.5,300000.0,1.0,1.0,0.0,Apartment,feature
166,98.0,128.0,499000.0,2.0,2.0,1.0,Unit,standard
168,98.0,127.0,480000.0,3.0,2.0,2.0,Unit,standard
169,78.0,127.0,325000.0,2.0,2.0,2.0,Unit,feature
171,98.0,127.0,440000.0,1.0,1.0,1.0,Unit,standard
173,98.0,127.0,310000.0,2.0,1.0,0.0,Unit,standard
174,48.0,127.0,375000.0,1.0,1.0,1.0,Unit,standard
175,98.0,198.0,399000.0,1.0,1.0,2.0,Unit,standard
176,98.0,127.0,430000.0,1.0,1.0,1.0,Unit,feature
177,12.0,127.0,99950.0,0.0,1.0,1.0,Unit,standard
178,259.0,164.5,900000.0,3.0,2.0,2.0,Apartment,standard
179,248.0,164.5,449000.0,3.0,2.0,2.0,Apartment,standard
181,114.0,127.0,610000.0,2.0,2.0,2.0,Unit,standard
184,212.5,940.0,665000.0,4.0,2.0,5.0,House,premiere
187,212.5,878.0,575000.0,3.0,2.0,2.0,House,premiere
189,212.5,802.0,435000.0,2.0,1.0,1.0,House,premiere
190,212.5,802.0,550000.0,3.0,2.0,6.0,House,premiere
194,212.5,823.0,475000.0,3.0,1.0,3.0,House,standard
195,171.0,164.5,320000.0,3.0,2.0,2.0,Apartment,premiere
196,103.0,302.0,365000.0,2.0,1.0,1.0,Townhouse,premiere
197,98.0,127.0,310000.0,2.0,1.0,1.0,Unit,premiere
198,400.0,20200.0,700000.0,5.0,2.0,10.0,House,premiere
200,212.5,383.0,419000.0,3.0,1.0,3.0,House,premiere
204,98.0,127.0,330000.0,2.0,2.0,2.0,Unit,standard
205,212.5,815.0,560000.0,3.0,2.0,2.0,House,premiere
207,212.5,801.0,557000.0,2.0,1.0,3.0,House,premiere
208,98.0,258.0,290000.0,2.0,1.0,2.0,Unit,premiere
209,212.5,24500.0,420000.0,2.0,1.0,2.0,House,premiere
211,212.5,797.0,570000.0,4.0,2.0,2.0,House,premiere
212,212.5,802.0,259000.0,1.0,1.0,0.0,House,premiere
213,212.5,450.0,569000.0,4.0,2.0,2.0,House,premiere
214,201.0,127.0,439000.0,3.0,2.0,2.0,Unit,premiere
216,241.0,508.0,739000.0,4.0,2.0,2.0,House,premiere
217,212.5,802.0,399000.0,4.0,1.0,2.0,House,premiere
219,212.5,880.0,599000.0,3.0,1.0,2.0,House,premiere
221,135.0,164.5,660000.0,3.0,2.0,3.0,Apartment,premiere
222,135.0,164.5,430000.0,2.0,2.0,2.0,Apartment,standard
225,98.0,103.0,250000.0,1.0,1.0,2.0,Unit,premiere
227,230.0,800.0,800000.0,5.0,3.0,2.0,House,standard
228,212.5,996.0,880000.0,4.0,2.0,2.0,House,premiere
230,268.0,490.0,540000.0,3.0,2.0,3.0,House,premiere
231,218.0,164.5,825000.0,3.0,2.0,2.0,Apartment,premiere
232,212.5,802.0,399000.0,3.0,1.0,2.0,House,premiere
233,98.0,127.0,820000.0,3.0,2.0,2.0,Unit,premiere
234,240.0,873.0,549000.0,4.0,2.0,4.0,House,premiere
236,180.0,819.0,370000.0,3.0,1.0,4.0,House,premiere
237,187.0,883.0,557000.0,4.0,2.0,5.0,House,premiere
238,98.0,256.0,325000.0,2.0,1.0,2.0,Unit,premiere
239,98.0,127.0,450000.0,2.0,2.0,2.0,Unit,standard
240,135.0,1.0,430000.0,2.0,2.0,2.0,Apartment,standard
241,153.0,127.0,450000.0,2.0,2.0,2.0,Unit,premiere
242,98.0,127.0,470000.0,3.0,2.0,2.0,Unit,premiere
243,212.5,450.0,612300.0,4.0,2.0,2.0,House,premiere
244,212.5,450.0,592000.0,4.0,2.0,2.0,House,premiere
245,212.5,450.0,614000.0,4.0,2.0,2.0,House,premiere
248,212.5,802.0,425000.0,3.0,1.0,1.0,House,premiere
249,135.0,164.5,325000.0,2.0,1.0,1.0,Apartment,standard
250,317.0,676.0,779000.0,5.0,3.0,3.0,House,premiere
251,98.0,127.0,450000.0,2.0,2.0,1.0,Unit,premiere
252,135.0,164.5,425000.0,2.0,2.0,2.0,Apartment,standard
253,98.0,105.0,369000.0,2.0,1.0,1.0,Unit,premiere
254,212.5,963.0,850000.0,3.0,1.0,2.0,House,premiere
255,212.5,817.0,539000.0,3.0,1.0,2.0,House,premiere
256,135.0,164.5,395000.0,1.0,1.0,2.0,Apartment,premiere
257,98.0,127.0,340000.0,2.0,2.0,2.0,Unit,premiere
259,98.0,345.0,475000.0,2.0,1.0,2.0,Unit,premiere
261,212.5,829.0,570000.0,4.0,2.0,2.0,House,midtier
262,212.5,419.0,419000.0,3.0,2.0,2.0,House,premiere
263,64.0,84.0,285000.0,2.0,1.0,1.0,Unit,midtier
264,98.0,127.0,439000.0,2.0,2.0,1.0,Unit,premiere
265,212.5,800.0,470000.0,3.0,1.0,3.0,House,standard
267,98.0,124.0,365000.0,2.0,2.0,2.0,Unit,premiere
268,65.0,65.0,299000.0,2.0,1.0,1.0,Unit,premiere
269,212.5,853.0,499000.0,3.0,2.0,2.0,House,premiere
270,98.0,208.0,375000.0,2.0,2.0,2.0,Unit,premiere
271,98.0,127.0,270000.0,2.0,1.0,0.0,Unit,premiere
272,98.0,74.0,280000.0,2.0,1.0,1.0,Unit,premiere
273,98.0,320.0,375000.0,2.0,1.0,3.0,Unit,premiere
276,98.0,174.0,285000.0,2.0,1.0,1.0,Unit,premiere
277,243.0,766.0,599000.0,4.0,2.0,2.0,House,premiere
278,135.0,164.5,455000.0,2.0,2.0,1.0,Apartment,premiere
281,98.0,261.0,575000.0,3.0,2.0,3.0,Unit,premiere
283,135.0,164.5,280000.0,1.0,1.0,1.0,Apartment,premiere
285,212.5,450.0,579000.0,4.0,2.0,2.0,House,standard
287,212.5,801.0,530000.0,3.0,1.0,2.0,House,premiere
291,337.0,20000.0,739000.0,4.0,2.0,2.0,House,premiere
292,356.0,850.0,750000.0,4.0,2.0,3.0,House,premiere
294,212.5,800.0,557000.0,4.0,3.0,6.0,House,premiere
295,212.5,33000.0,629000.0,3.0,1.0,4.0,House,premiere
296,98.0,124.0,375000.0,1.0,1.0,1.0,Unit,premiere
298,212.5,802.0,550000.0,3.0,1.0,2.0,House,premiere
299,212.5,802.0,639000.0,3.0,2.0,1.0,House,premiere
301,212.5,815.0,650000.0,4.0,2.0,2.0,House,premiere
305,103.0,45.0,329000.0,2.0,1.0,1.0,Townhouse,premiere
307,184.0,164.5,385000.0,2.0,2.0,2.0,Apartment,premiere
308,167.0,164.5,550000.0,3.0,2.0,2.0,Apartment,premiere
309,174.0,680.0,549000.0,5.0,2.0,4.0,House,premiere
310,83.0,127.0,300000.0,2.0,1.0,1.0,Unit,premiere
311,135.0,164.5,387000.0,2.0,2.0,1.0,Apartment,standard
312,212.5,818.0,420000.0,3.0,1.0,4.0,House,premiere
314,103.0,302.0,590000.0,3.0,3.0,3.0,Townhouse,premiere
315,212.5,494.0,489000.0,3.0,2.0,2.0,House,premiere
316,212.5,485.0,569000.0,4.0,2.0,2.0,House,premiere
317,212.5,813.0,435000.0,3.0,1.0,2.0,House,premiere
322,356.0,352.0,495000.0,3.0,1.0,1.0,Duplex/Semi-detached,standard
323,173.0,127.0,439000.0,2.0,2.0,2.0,Unit,premiere
327,135.0,164.5,380000.0,3.0,2.0,2.0,Apartment,standard
328,135.0,164.5,240000.0,1.0,1.0,1.0,Apartment,standard
329,135.0,164.5,315000.0,2.0,2.0,2.0,Apartment,standard
330,2461.93,806.0,570000.0,4.0,3.0,2.0,House,premiere
331,212.5,802.0,460000.0,3.0,2.0,0.0,House,premiere
332,212.5,811.0,685000.0,3.0,1.0,5.0,House,standard
333,236.0,802.0,775000.0,3.0,2.0,2.0,House,premiere
335,212.5,702.0,635000.0,4.0,2.0,4.0,House,standard
336,181.0,164.5,625000.0,3.0,2.0,2.0,Apartment,premiere
337,212.5,802.0,580000.0,4.0,2.0,0.0,House,premiere
340,212.5,802.0,399000.0,3.0,1.0,1.0,House,standard
341,212.5,860.0,750000.0,5.0,2.0,2.0,House,premiere
342,212.5,820.0,480000.0,3.0,1.0,2.0,House,premiere
345,356.0,394.0,529000.0,3.0,2.0,2.0,Duplex/Semi-detached,premiere
347,212.5,802.0,650000.0,4.0,2.0,4.0,House,premiere
348,98.0,127.0,599000.0,2.0,2.0,2.0,Unit,premiere
349,103.0,302.0,659000.0,3.0,2.0,2.0,Townhouse,premiere
351,69.0,164.5,490000.0,1.0,1.0,1.0,Apartment,premiere
352,212.5,20200.0,500000.0,3.0,1.0,2.0,House,premiere
353,212.5,881.0,405000.0,3.0,1.0,2.0,House,premiere
354,189.0,641.0,545000.0,3.0,2.0,2.0,House,premiere
355,98.0,300.0,420000.0,3.0,2.0,2.0,Unit,standard
357,400.0,20200.0,690000.0,5.0,2.0,12.0,House,premiere
362,243.0,840.0,510000.0,3.0,2.0,2.0,House,premiere
364,103.0,302.0,750000.0,3.0,2.0,2.0,Townhouse,premiere
366,62.0,127.0,337500.0,1.0,1.0,0.0,Unit,premiere
368,138.0,802.0,439000.0,2.0,2.0,1.0,House,premiere
370,81.0,164.5,299000.0,2.0,1.0,0.0,Apartment,premiere
371,356.0,375.0,490000.0,3.0,2.0,2.0,Duplex/Semi-detached,premiere
372,212.5,817.0,649000.0,4.0,2.0,2.0,House,premiere
377,155.0,164.5,440000.0,2.0,2.0,2.0,Apartment,midtier
379,98.0,244.0,320000.0,2.0,1.0,2.0,Unit,premiere
380,212.5,802.0,490000.0,3.0,2.0,2.0,House,premiere
382,356.0,352.0,489000.0,3.0,2.0,2.0,Duplex/Semi-detached,premiere
383,212.5,802.0,665000.0,4.0,2.0,2.0,House,premiere
386,98.0,122.0,298000.0,2.0,1.0,2.0,Unit,premiere
388,212.5,766.0,660000.0,4.0,2.0,2.0,House,premiere
389,212.5,699.0,690000.0,4.0,2.0,2.0,House,premiere
390,212.5,480.0,590000.0,4.0,2.0,2.0,House,premiere
393,98.0,127.0,420000.0,2.0,2.0,2.0,Unit,standard
394,114.0,164.5,640000.0,2.0,2.0,2.0,Apartment,premiere
395,212.5,304.0,320000.0,2.0,1.0,1.0,House,premiere
396,212.5,817.0,695000.0,4.0,2.0,2.0,House,premiere
399,135.0,164.5,275000.0,1.0,1.0,1.0,Apartment,standard
400,98.0,127.0,285000.0,2.0,1.0,1.0,Unit,premiere
401,212.5,842.0,660000.0,3.0,1.0,4.0,House,premiere
402,135.0,164.5,435000.0,2.0,2.0,2.0,Apartment,premiere
403,212.5,20400.0,685000.0,4.0,2.0,4.0,House,premiere
405,135.0,93.0,500000.0,1.0,1.0,1.0,Apartment,premiere
406,212.5,810.0,498000.0,3.0,2.0,5.0,House,standard
407,212.5,802.0,740000.0,6.0,4.0,10.0,House,premiere
408,103.0,278.0,450000.0,3.0,2.0,2.0,Townhouse,premiere
409,212.5,820.0,700000.0,4.0,2.0,2.0,House,premiere
410,98.0,53.0,375000.0,1.0,1.0,1.0,Unit,premiere
411,98.0,127.0,375000.0,1.0,1.0,1.0,Unit,premiere
412,340.0,340.0,795000.0,3.0,3.0,4.0,Unit,premiere
413,98.0,127.0,425000.0,2.0,1.0,2.0,Unit,premiere
414,196.0,982.0,557000.0,4.0,2.0,4.0,House,premiere
415,212.5,802.0,485000.0,3.0,2.0,4.0,House,premiere
417,212.5,824.0,649000.0,3.0,3.0,2.0,House,premiere
418,246.0,624.0,665000.0,4.0,2.0,4.0,House,premiere
420,212.5,802.0,215000.0,2.0,1.0,1.0,House,feature
424,120.0,120.0,339000.0,2.0,2.0,2.0,Unit,premiere
426,103.0,283.0,735000.0,3.0,2.0,3.0,Townhouse,premiere
428,98.0,127.0,295000.0,2.0,1.0,1.0,Unit,premiere
431,212.5,508.0,725000.0,4.0,2.0,2.0,House,premiere
432,212.5,802.0,485000.0,3.0,1.0,2.0,House,premiere
433,123.0,807.0,485000.0,3.0,1.0,4.0,House,premiere
436,212.5,802.0,610000.0,4.0,2.0,4.0,House,standard
438,212.5,652.0,500000.0,4.0,2.0,2.0,House,premiere
439,212.5,785.0,480000.0,3.0,2.0,2.0,House,premiere
440,212.5,882.0,449000.0,4.0,1.0,6.0,House,premiere
441,212.5,802.0,795000.0,4.0,2.0,2.0,House,premiere
442,212.5,948.0,557000.0,4.0,2.0,4.0,House,premiere
443,135.0,164.5,620000.0,3.0,2.0,2.0,Apartment,premiere
451,150.0,802.0,550000.0,5.0,2.0,2.0,House,midtier
454,98.0,127.0,292000.0,2.0,1.0,1.0,Unit,premiere
456,210.0,811.0,475000.0,3.0,1.0,2.0,House,premiere
457,98.0,127.0,399000.0,1.0,1.0,1.0,Unit,premiere
458,212.5,857.0,520000.0,3.0,2.0,2.0,House,premiere
460,212.5,1110.0,820000.0,4.0,2.0,4.0,House,premiere
461,356.0,352.0,460000.0,3.0,2.0,4.0,Duplex/Semi-detached,premiere
462,212.5,802.0,449000.0,3.0,2.0,1.0,House,premiere
463,98.0,1038.0,220000.0,1.0,1.0,1.0,Unit,standard
464,283.0,632.0,575000.0,3.0,2.0,4.0,House,premiere
465,98.0,116.0,329000.0,2.0,1.0,1.0,Unit,premiere
466,212.5,798.0,529000.0,4.0,2.0,3.0,House,premiere
467,69.0,164.5,349000.0,2.0,1.0,1.0,Apartment,premiere
468,212.5,802.0,485000.0,2.0,2.0,2.0,House,premiere
469,139.0,780.0,389000.0,3.0,1.0,1.0,House,standard
471,51.0,127.0,250000.0,1.0,1.0,1.0,Unit,premiere
472,233.0,680.0,695000.0,4.0,2.0,4.0,House,premiere
474,212.5,557.0,760000.0,4.0,2.0,2.0,House,premiere
475,212.5,802.0,535000.0,2.0,2.0,1.0,House,premiere
476,212.5,802.0,559000.0,4.0,2.0,2.0,House,premiere
477,212.5,742.0,630000.0,3.0,1.0,4.0,House,standard
479,165.0,127.0,429000.0,3.0,2.0,2.0,Unit,premiere
481,98.0,127.0,300000.0,2.0,1.0,1.0,Unit,premiere
482,135.0,127.0,300000.0,2.0,2.0,1.0,Unit,standard
483,95.0,127.0,220000.0,2.0,1.0,1.0,Unit,premiere
485,212.0,640.0,575000.0,3.0,2.0,2.0,House,premiere
486,266.0,1030.0,799000.0,4.0,2.0,10.0,House,premiere
487,212.5,827.0,480000.0,3.0,1.0,2.0,House,premiere
488,135.0,164.5,549000.0,2.0,2.0,2.0,Apartment,premiere
489,48.0,164.5,299000.0,1.0,1.0,1.0,Apartment,premiere
490,212.5,812.0,649000.0,5.0,2.0,2.0,House,midtier
492,138.0,815.0,380000.0,3.0,1.0,1.0,House,premiere
493,135.0,146.0,395000.0,3.0,1.0,1.0,Apartment,premiere
495,212.5,651.0,860000.0,3.0,2.0,2.0,House,premiere
498,98.0,127.0,475000.0,2.0,2.0,2.0,Unit,premiere
499,188.0,701.0,485000.0,3.0,2.0,2.0,House,standard
501,212.5,800.0,449000.0,4.0,1.0,4.0,House,premiere
504,212.5,700.0,850000.0,3.0,2.0,2.0,House,premiere
506,98.0,177.0,295000.0,2.0,1.0,2.0,Unit,standard
507,356.0,352.0,349000.0,2.0,1.0,1.0,Duplex/Semi-detached,premiere
512,254.0,603.0,735000.0,4.0,2.0,2.0,House,premiere
513,356.0,356.0,610000.0,4.0,2.0,1.0,Unit,standard
519,135.0,181.0,465000.0,3.0,2.0,2.0,Apartment,premiere
521,103.0,302.0,700000.0,3.0,2.0,2.0,Townhouse,premiere
525,310.0,762.0,620000.0,5.0,3.0,2.0,House,standard
528,212.5,802.0,595000.0,4.0,2.0,2.0,House,standard
529,135.0,164.5,380000.0,2.0,1.0,1.0,Apartment,premiere
530,212.5,800.0,435000.0,3.0,1.0,2.0,House,premiere
531,81.0,164.5,465000.0,1.0,1.0,1.0,Apartment,premiere
533,212.5,532.0,859000.0,4.0,2.0,4.0,House,premiere
535,400.0,837.0,800000.0,5.0,2.0,5.0,House,premiere
537,212.5,715.0,450000.0,3.0,1.0,2.0,House,premiere
538,212.5,802.0,557000.0,4.0,1.0,2.0,House,premiere
539,212.5,20000.0,500000.0,2.0,1.0,0.0,House,premiere
540,212.5,368.0,600000.0,3.0,2.0,2.0,House,premiere
543,135.0,164.5,325000.0,2.0,1.0,2.0,Apartment,premiere
545,212.5,807.0,550000.0,3.0,1.0,6.0,House,premiere
546,170.0,481.0,489000.0,3.0,2.0,2.0,House,premiere
547,94.0,127.0,209000.0,2.0,1.0,0.0,Unit,premiere
548,135.0,106.0,370000.0,2.0,1.0,1.0,Apartment,premiere
549,55.0,164.5,290000.0,1.0,1.0,1.0,Apartment,premiere
550,212.5,802.0,630000.0,4.0,2.0,2.0,House,premiere
551,104.0,127.0,269000.0,1.0,1.0,2.0,Unit,premiere
552,135.0,114.0,316000.0,3.0,1.0,1.0,Apartment,premiere
553,16.0,127.0,115000.0,1.0,1.0,0.0,Unit,standard
554,98.0,153.0,375000.0,3.0,2.0,2.0,Unit,premiere
559,98.0,127.0,418000.0,2.0,1.0,2.0,Unit,standard
560,98.0,127.0,385000.0,2.0,1.0,1.0,Unit,premiere
561,212.5,400.0,780000.0,6.0,3.0,4.0,House,premiere
563,98.0,127.0,410000.0,3.0,1.0,1.0,Unit,premiere
564,212.5,629.0,819000.0,4.0,2.0,2.0,House,feature
568,135.0,164.5,600000.0,3.0,2.0,2.0,Apartment,premiere
571,98.0,127.0,375000.0,2.0,1.0,3.0,Unit,premiere
574,98.0,127.0,430000.0,3.0,2.0,2.0,Unit,standard
579,212.5,750.0,540000.0,3.0,1.0,5.0,House,premiere
580,98.0,127.0,450000.0,2.0,2.0,2.0,Unit,standard
582,103.0,497.0,830000.0,3.0,2.0,2.0,Townhouse,premiere
584,98.0,127.0,375000.0,3.0,1.0,2.0,Unit,premiere
586,212.5,820.0,515000.0,3.0,2.0,3.0,House,premiere
588,103.0,275.0,665000.0,3.0,3.0,2.0,Townhouse,premiere
589,98.0,127.0,345000.0,3.0,2.0,2.0,Unit,standard
590,212.5,802.0,505000.0,3.0,1.0,4.0,House,premiere
591,103.0,302.0,525000.0,2.0,1.0,1.0,Townhouse,premiere
593,212.5,1550.0,670000.0,3.0,2.0,6.0,House,standard
594,145.0,20000.0,625000.0,3.0,1.0,4.0,House,premiere
595,81.0,81.0,450000.0,1.0,1.0,1.0,House,premiere
596,212.5,802.0,590000.0,4.0,2.0,2.0,House,premiere
597,135.0,164.5,749000.0,3.0,2.0,2.0,Apartment,premiere
599,98.0,127.0,259000.0,2.0,1.0,1.0,Unit,premiere
600,98.0,194.0,225000.0,2.0,1.0,2.0,Unit,premiere
601,167.0,797.0,548000.0,3.0,1.0,4.0,House,premiere
603,199.0,127.0,445000.0,2.0,1.0,1.0,Unit,premiere
604,212.5,802.0,515000.0,3.0,1.0,2.0,House,standard
605,356.0,352.0,349000.0,2.0,1.0,1.0,Duplex/Semi-detached,standard
606,356.0,296.0,420000.0,3.0,2.0,2.0,Duplex/Semi-detached,premiere
609,103.0,354.0,646000.0,3.0,2.0,2.0,Townhouse,premiere
610,160.0,735.0,485000.0,3.0,2.0,2.0,House,premiere
611,210.0,404.0,510000.0,3.0,2.0,3.0,Unit,feature
613,98.0,127.0,390000.0,2.0,1.0,2.0,Unit,premiere
616,356.0,352.0,559000.0,4.0,2.0,2.0,Duplex/Semi-detached,premiere
617,212.5,505.0,495000.0,3.0,2.0,2.0,House,premiere
618,212.5,802.0,525000.0,2.0,1.0,4.0,House,standard
620,212.5,967.0,475000.0,4.0,2.0,4.0,House,premiere
622,212.5,332.0,555000.0,3.0,2.0,4.0,House,premiere
623,212.5,813.0,459000.0,3.0,2.0,4.0,House,premiere
625,69.0,164.5,279000.0,2.0,1.0,1.0,Apartment,premiere
627,155.0,636.0,530000.0,5.0,2.0,2.0,House,premiere
628,98.0,127.0,289000.0,1.0,1.0,1.0,Unit,premiere
629,212.5,802.0,530000.0,4.0,2.0,2.0,House,premiere
630,135.0,164.5,490000.0,2.0,2.0,2.0,Apartment,premiere
632,135.0,166.0,449000.0,3.0,2.0,2.0,Apartment,premiere
633,212.5,838.0,429000.0,3.0,1.0,4.0,House,standard
634,212.5,800.0,399000.0,3.0,1.0,2.0,House,premiere
635,98.0,127.0,389000.0,1.0,1.0,1.0,Unit,premiere
636,212.5,1200.0,575000.0,4.0,2.0,4.0,House,premiere
637,212.5,804.0,589500.0,3.0,2.0,2.0,House,premiere
638,212.5,802.0,600000.0,4.0,2.0,2.0,House,premiere
639,160.0,480.0,485000.0,3.0,2.0,2.0,House,standard
647,98.0,127.0,165000.0,1.0,1.0,1.0,Unit,premiere
648,212.5,2023.0,355000.0,3.0,2.0,5.0,House,premiere
649,212.5,802.0,399000.0,3.0,1.0,2.0,House,premiere
650,98.0,127.0,565000.0,2.0,2.0,2.0,Unit,premiere
652,98.0,118.0,330000.0,2.0,1.0,1.0,Unit,premiere
653,356.0,320.0,440000.0,3.0,2.0,2.0,Duplex/Semi-detached,premiere
654,229.0,815.0,557000.0,5.0,2.0,2.0,House,premiere
655,130.0,164.5,399000.0,2.0,2.0,2.0,Apartment,premiere
656,135.0,144.0,479000.0,2.0,2.0,2.0,Apartment,premiere
657,135.0,192.0,469000.0,3.0,2.0,2.0,Apartment,premiere
658,356.0,405.0,410000.0,3.0,2.0,6.0,Duplex/Semi-detached,premiere
660,212.5,802.0,620000.0,4.0,2.0,2.0,House,premiere
662,212.5,926.0,775000.0,4.0,2.0,4.0,House,premiere
664,212.5,822.0,580000.0,3.0,2.0,2.0,House,premiere
665,98.0,144.0,329000.0,2.0,1.0,1.0,Unit,premiere
668,212.5,802.0,660000.0,5.0,2.0,4.0,House,premiere
669,135.0,253.0,649000.0,4.0,2.0,2.0,Apartment,premiere
670,134.0,24400.0,899000.0,3.0,2.0,4.0,House,premiere
672,212.5,865.0,420000.0,3.0,1.0,2.0,House,premiere
673,103.0,302.0,335000.0,2.0,1.0,0.0,Townhouse,standard
674,212.5,20200.0,799000.0,4.0,2.0,2.0,House,premiere
677,212.5,814.0,639000.0,4.0,2.0,2.0,House,premiere
678,212.5,2030.0,557000.0,4.0,2.0,6.0,House,premiere
680,98.0,127.0,499000.0,1.0,1.0,1.0,Unit,feature
682,135.0,164.5,400000.0,2.0,2.0,1.0,Apartment,premiere
683,115.0,115.0,279000.0,2.0,1.0,2.0,Unit,premiere
685,337.0,847.0,900000.0,3.0,3.0,2.0,House,standard
686,212.5,802.0,575000.0,3.0,2.0,2.0,House,premiere
687,135.0,164.5,380000.0,2.0,2.0,1.0,Apartment,premiere
688,98.0,127.0,345000.0,2.0,1.0,1.0,Unit,premiere
690,212.5,695.0,859000.0,4.0,2.0,2.0,House,premiere
691,212.5,802.0,740000.0,5.0,2.0,10.0,House,premiere
692,212.5,720.0,569000.0,3.0,2.0,4.0,House,premiere
693,212.5,802.0,490000.0,3.0,1.0,2.0,House,premiere
694,212.5,664.0,600000.0,4.0,2.0,2.0,House,premiere
695,212.5,751.0,700000.0,4.0,2.0,4.0,House,premiere
696,135.0,164.5,290000.0,1.0,1.0,1.0,Apartment,premiere
697,194.0,783.0,599000.0,4.0,2.0,3.0,House,premiere
698,135.0,260.0,800000.0,3.0,2.0,2.0,Apartment,premiere
699,189.0,800.0,720000.0,4.0,2.0,2.0,House,premiere
700,212.5,802.0,557000.0,3.0,1.0,4.0,House,premiere
701,212.5,833.0,430000.0,3.0,1.0,3.0,House,premiere
707,193.0,127.0,330000.0,2.0,2.0,2.0,Unit,premiere
709,212.5,818.0,580000.0,3.0,2.0,3.0,House,premiere
710,120.0,891.0,400000.0,3.0,1.0,2.0,House,premiere
711,578.0,21000.0,849000.0,3.0,3.0,0.0,House,premiere
716,230.0,641.0,599000.0,4.0,2.0,2.0,House,premiere
717,53.0,164.5,299000.0,1.0,1.0,1.0,Apartment,premiere
719,274.0,811.0,475000.0,3.0,1.0,2.0,House,premiere
720,212.5,630.0,679000.0,4.0,2.0,2.0,House,premiere
721,212.5,849.0,557000.0,3.0,1.0,4.0,House,premiere
722,183.0,820.0,475000.0,3.0,1.0,4.0,House,premiere
723,98.0,181.0,319000.0,2.0,1.0,2.0,Unit,premiere
724,212.5,802.0,520000.0,4.0,2.0,2.0,House,premiere
725,100.0,677.0,639000.0,3.0,1.0,3.0,House,premiere
726,103.0,302.0,750000.0,4.0,2.0,2.0,Townhouse,premiere
731,173.0,127.0,439000.0,3.0,2.0,2.0,Unit,standard
732,186.0,428.0,550000.0,3.0,2.0,2.0,House,standard
733,270.0,749.0,580000.0,4.0,2.0,2.0,House,standard
734,98.0,74.0,580000.0,1.0,1.0,1.0,Unit,standard
735,138.0,164.5,375000.0,2.0,2.0,2.0,Apartment,premiere
736,135.0,164.5,495000.0,2.0,2.0,2.0,Apartment,feature
737,212.5,1020.0,557000.0,3.0,1.0,2.0,House,premiere
738,103.0,483.0,429000.0,3.0,1.0,2.0,Townhouse,feature
740,212.5,802.0,550000.0,4.0,1.0,3.0,House,premiere
741,141.0,712.0,480000.0,3.0,2.0,2.0,House,premiere
742,135.0,164.5,489000.0,2.0,2.0,1.0,Apartment,feature
743,247.0,1160.0,599000.0,4.0,2.0,2.0,House,premiere
744,212.5,802.0,489000.0,3.0,2.0,2.0,House,premiere
745,135.0,178.0,550000.0,3.0,2.0,2.0,Apartment,standard
747,98.0,220.0,700000.0,3.0,2.0,2.0,Unit,premiere
748,356.0,368.0,620000.0,3.0,2.0,2.0,Duplex/Semi-detached,standard
749,212.5,868.0,399000.0,4.0,1.0,4.0,House,feature
750,212.5,815.0,485000.0,4.0,2.0,3.0,House,feature
752,212.5,726.0,620000.0,4.0,2.0,2.0,House,premiere
753,98.0,118.0,390000.0,2.0,1.0,1.0,Unit,premiere
754,205.0,637.0,620000.0,4.0,2.0,2.0,House,standard
755,98.0,127.0,320000.0,2.0,1.0,2.0,Unit,feature
756,98.0,52.0,195000.0,1.0,1.0,1.0,Unit,premiere
757,194.0,1060.0,435000.0,3.0,1.0,2.0,House,premiere
758,251.0,357.0,895000.0,4.0,3.0,3.0,Townhouse,premiere
759,135.0,101.0,505000.0,2.0,2.0,2.0,Apartment,premiere
760,253.0,631.0,557000.0,4.0,2.0,2.0,House,feature
761,155.0,330.0,470000.0,3.0,1.0,2.0,House,feature
762,48.0,127.0,149000.0,1.0,1.0,1.0,Unit,premiere
763,199.0,849.0,480000.0,3.0,1.0,1.0,House,premiere
764,212.5,794.0,789000.0,4.0,2.0,6.0,House,premiere
765,135.0,164.5,325000.0,2.0,2.0,2.0,Apartment,feature
766,212.5,802.0,495000.0,3.0,1.0,2.0,House,standard
767,135.0,164.5,539000.0,2.0,2.0,1.0,Apartment,standard
768,130.0,737.0,457000.0,3.0,1.0,1.0,House,premiere
769,100.0,127.0,350000.0,2.0,1.0,1.0,Unit,standard
770,283.0,640.0,600000.0,4.0,2.0,3.0,House,standard
772,135.0,164.5,180000.0,1.0,1.0,0.0,Apartment,feature
773,186.3,378.0,600000.0,3.0,2.0,2.0,House,standard
774,212.5,920.0,489000.0,5.0,3.0,2.0,House,feature
775,212.5,802.0,499000.0,3.0,2.0,3.0,House,feature
776,212.5,802.0,557000.0,4.0,2.0,2.0,House,feature
780,212.5,669.0,830000.0,3.0,1.0,3.0,House,feature
781,98.0,127.0,400000.0,2.0,1.0,1.0,Unit,feature
783,212.5,802.0,450000.0,4.0,2.0,2.0,House,feature
786,103.0,302.0,299000.0,2.0,1.0,2.0,Townhouse,standard
787,212.5,508.0,557000.0,4.0,2.0,2.0,House,feature
790,135.0,164.5,199000.0,1.0,1.0,1.0,Apartment,premiere
791,213.0,659.0,570000.0,4.0,2.0,4.0,House,premiere
793,353.0,846.0,899000.0,5.0,2.0,3.0,House,feature
794,212.5,893.0,419000.0,3.0,1.0,2.0,House,feature
795,33.0,127.0,145000.0,1.0,1.0,0.0,Unit,standard
797,52.0,80.0,289000.0,1.0,1.0,1.0,Unit,standard
798,212.5,849.0,557000.0,4.0,2.0,4.0,House,premiere
799,212.5,802.0,595000.0,4.0,2.0,2.0,House,premiere
800,212.5,416.0,557000.0,3.0,2.0,1.0,House,premiere
801,135.0,164.5,399000.0,3.0,2.0,2.0,Apartment,feature
803,135.0,164.5,215000.0,1.0,1.0,1.0,Apartment,feature
804,135.0,164.5,480000.0,3.0,2.0,2.0,Apartment,feature
805,135.0,149.0,339000.0,3.0,2.0,2.0,Apartment,premiere
806,212.5,964.0,340000.0,3.0,1.0,4.0,House,feature
807,190.0,960.0,490000.0,4.0,2.0,4.0,House,feature
808,98.0,127.0,500000.0,3.0,2.0,2.0,Unit,premiere
809,356.0,336.0,375000.0,3.0,1.0,2.0,Duplex/Semi-detached,feature
810,254.0,424.0,462500.0,3.0,1.0,2.0,House,premiere
812,98.0,215.0,410000.0,2.0,1.0,2.0,Unit,premiere
813,208.0,480.0,550000.0,4.0,2.0,2.0,House,premiere
814,172.0,706.0,430000.0,3.0,1.0,2.0,House,feature
815,98.0,69.0,320000.0,2.0,1.0,2.0,Unit,premiere
816,135.0,164.5,450000.0,2.0,2.0,1.0,Apartment,standard
817,98.0,127.0,430000.0,2.0,2.0,2.0,Unit,feature
818,255.0,164.5,865000.0,3.0,2.0,2.0,Apartment,standard
819,240.0,875.0,740000.0,4.0,2.0,3.0,House,premiere
820,244.0,530.0,895000.0,4.0,3.0,2.0,House,premiere
821,98.0,127.0,255000.0,2.0,1.0,0.0,Unit,premiere
822,212.5,606.0,775000.0,4.0,2.0,2.0,House,premiere
823,135.0,120.0,400000.0,2.0,2.0,1.0,Apartment,premiere
824,212.5,806.0,400000.0,4.0,1.0,0.0,House,feature
825,223.0,776.0,449000.0,3.0,1.0,0.0,House,feature
826,212.5,802.0,780000.0,3.0,2.0,0.0,House,feature
828,98.0,154.0,369000.0,2.0,2.0,2.0,Unit,premiere
830,98.0,69.0,260000.0,2.0,1.0,1.0,Unit,feature
831,212.5,415.0,557000.0,3.0,2.0,1.0,House,standard
832,103.0,393.0,765000.0,3.0,2.0,2.0,Townhouse,premiere
834,66.0,164.5,350000.0,1.0,1.0,1.0,Apartment,feature
835,98.0,127.0,549000.0,3.0,2.0,2.0,Unit,premiere
837,135.0,221.0,539000.0,2.0,2.0,1.0,Apartment,standard
841,110.0,164.5,490000.0,2.0,2.0,1.0,Apartment,premiere
843,154.0,805.0,550000.0,5.0,2.0,5.0,House,feature
844,212.5,802.0,480000.0,3.0,1.0,2.0,House,feature
845,166.0,127.0,289000.0,1.0,1.0,1.0,Unit,premiere
847,135.0,164.5,209000.0,1.0,1.0,1.0,Apartment,feature
848,338.0,723.0,849000.0,6.0,4.0,6.0,House,premiere
850,212.5,802.0,525000.0,4.0,2.0,2.0,House,feature
852,135.0,158.0,420000.0,2.0,2.0,2.0,Apartment,premiere
854,98.0,153.0,510000.0,3.0,2.0,2.0,Unit,standard
856,212.5,802.0,570000.0,3.0,2.0,2.0,House,premiere
857,212.5,802.0,549000.0,3.0,2.0,2.0,House,feature
858,212.5,523.0,730000.0,4.0,2.0,2.0,House,premiere
859,212.5,630.0,590000.0,3.0,2.0,0.0,House,feature
861,98.0,127.0,575000.0,3.0,2.0,2.0,Unit,feature
862,98.0,127.0,350000.0,2.0,1.0,2.0,Unit,standard
863,212.5,802.0,500000.0,3.0,2.0,2.0,House,premiere
864,98.0,127.0,535000.0,2.0,2.0,2.0,Unit,premiere
865,98.0,127.0,325000.0,2.0,1.0,1.0,Unit,premiere
867,98.0,66.0,335000.0,1.0,1.0,1.0,Unit,feature
869,260.0,164.5,780000.0,3.0,2.0,3.0,Apartment,feature
870,135.0,164.5,850000.0,4.0,2.0,2.0,Apartment,feature
871,212.5,642.0,557000.0,4.0,2.0,2.0,House,feature
872,135.0,164.5,449000.0,3.0,2.0,2.0,Apartment,feature
873,212.5,802.0,560000.0,5.0,2.0,4.0,House,premiere
875,98.0,127.0,440000.0,3.0,2.0,2.0,Unit,feature
876,98.0,206.0,295000.0,2.0,1.0,2.0,Unit,feature
877,356.0,352.0,610000.0,4.0,2.0,2.0,Duplex/Semi-detached,standard
878,103.0,432.0,370000.0,3.0,1.0,2.0,Townhouse,premiere
879,356.0,283.0,359000.0,3.0,2.0,1.0,Duplex/Semi-detached,premiere
884,190.0,360.0,595000.0,4.0,2.0,2.0,House,premiere
887,66.0,115.0,375000.0,2.0,1.0,1.0,Unit,premiere
892,212.5,369.0,650000.0,6.0,3.0,3.0,House,feature
894,212.5,802.0,385000.0,2.0,1.0,1.0,House,feature
895,212.5,802.0,500000.0,4.0,2.0,2.0,House,feature
896,1904.51,1170.0,570000.0,3.0,2.0,7.0,House,standard
897,212.5,802.0,625000.0,5.0,2.0,4.0,House,feature
898,212.5,640.0,520000.0,3.0,2.0,0.0,House,feature
899,272.0,800.0,500000.0,4.0,3.0,0.0,House,feature
900,135.0,117.0,345000.0,2.0,2.0,2.0,Apartment,premiere
902,356.0,352.0,360000.0,3.0,2.0,2.0,Duplex/Semi-detached,feature
903,212.5,351.0,399000.0,3.0,1.0,0.0,House,feature
905,80.0,92.0,580000.0,2.0,2.0,2.0,Unit,premiere
906,103.0,242.0,409000.0,3.0,2.0,2.0,Townhouse,premiere
907,212.5,2023.0,470000.0,3.0,2.0,2.0,House,feature
908,86.0,127.0,283000.0,1.0,1.0,1.0,Unit,premiere
910,212.5,802.0,699000.0,4.0,2.0,2.0,House,standard
912,103.0,212.0,645000.0,3.0,2.0,2.0,Townhouse,standard
913,212.5,838.0,615000.0,3.0,1.0,2.0,House,premiere
914,103.0,284.0,645000.0,3.0,3.0,2.0,Townhouse,premiere
915,212.5,852.0,599000.0,4.0,2.0,6.0,House,feature
917,227.0,876.0,615000.0,4.0,2.0,2.0,House,standard
918,212.5,834.0,370000.0,1.0,1.0,3.0,House,premiere
919,149.0,804.0,515000.0,4.0,2.0,2.0,House,premiere
920,224.0,720.0,675000.0,4.0,2.0,2.0,House,premiere
921,212.5,802.0,289000.0,2.0,2.0,2.0,House,standard
922,212.5,823.0,480000.0,3.0,2.0,3.0,House,standard
923,188.0,127.0,500000.0,3.0,2.0,2.0,Unit,premiere
925,93.0,127.0,299000.0,2.0,2.0,1.0,Unit,premiere
926,215.0,634.0,615000.0,4.0,2.0,2.0,House,standard
928,66.0,127.0,260000.0,2.0,1.0,1.0,Unit,premiere
929,170.0,974.0,675000.0,4.0,3.0,2.0,House,standard
930,212.5,708.0,515000.0,3.0,2.0,2.0,House,feature
932,171.0,316.0,545000.0,3.0,2.0,2.0,House,standard
934,135.0,164.5,470000.0,3.0,2.0,1.0,Apartment,feature
935,135.0,117.0,539000.0,2.0,2.0,1.0,Apartment,feature
936,212.5,802.0,475000.0,3.0,1.0,2.0,House,premiere
938,135.0,164.5,360000.0,3.0,1.0,1.0,Apartment,feature
939,212.5,827.0,449000.0,3.0,1.0,2.0,House,feature
940,212.5,312.0,479000.0,3.0,1.0,2.0,House,feature
941,98.0,127.0,370000.0,2.0,1.0,2.0,Unit,feature
942,98.0,127.0,519000.0,2.0,2.0,2.0,Unit,premiere
943,212.5,802.0,540000.0,4.0,2.0,2.0,House,feature
944,98.0,50.0,219000.0,1.0,1.0,1.0,Unit,premiere
946,212.5,19900.0,700000.0,4.0,2.0,4.0,House,feature
947,212.5,783.0,499000.0,3.0,1.0,0.0,House,feature
950,212.5,804.0,539000.0,3.0,1.0,2.0,House,feature
951,212.5,802.0,600000.0,4.0,2.0,2.0,House,feature
952,135.0,164.5,235000.0,1.0,1.0,1.0,Apartment,feature
953,212.5,802.0,499000.0,2.0,1.0,0.0,House,feature
955,103.0,302.0,699000.0,3.0,2.0,2.0,Townhouse,standard
956,98.0,126.0,395000.0,2.0,1.0,2.0,Unit,feature
958,98.0,127.0,269000.0,2.0,1.0,1.0,Unit,standard
960,133.0,127.0,419000.0,2.0,2.0,2.0,Unit,standard
961,98.0,127.0,380000.0,2.0,1.0,2.0,Unit,feature
962,135.0,164.5,430000.0,2.0,2.0,2.0,Apartment,standard
963,212.5,124.0,244000.0,2.0,1.0,2.0,House,premiere
964,212.5,802.0,599000.0,3.0,2.0,2.0,House,standard
965,135.0,164.5,480000.0,2.0,2.0,2.0,Apartment,premiere
966,186.3,360.0,560000.0,3.0,2.0,2.0,House,standard
967,135.0,164.5,315000.0,1.0,1.0,1.0,Apartment,feature
968,135.0,164.5,449000.0,3.0,2.0,2.0,Apartment,feature
970,98.0,127.0,450000.0,3.0,2.0,2.0,Unit,feature
972,212.5,800.0,630000.0,5.0,2.0,2.0,House,standard
973,212.5,801.0,300000.0,3.0,1.0,0.0,House,feature
974,288.0,20200.0,685000.0,3.0,1.0,10.0,House,standard
976,208.0,309.0,469000.0,3.0,2.0,2.0,House,premiere
978,135.0,164.5,439000.0,3.0,2.0,2.0,Apartment,feature
979,91.3,164.5,299000.0,2.0,2.0,1.0,Apartment,feature
980,135.0,164.5,380000.0,2.0,2.0,0.0,Apartment,standard
982,84.0,302.0,339000.0,2.0,1.0,1.0,Townhouse,feature
983,135.0,164.5,275000.0,2.0,1.0,1.0,Apartment,feature
984,212.5,802.0,425000.0,3.0,2.0,2.0,House,standard
985,103.0,302.0,370000.0,2.0,2.0,0.0,Townhouse,feature
986,165.0,819.0,415000.0,3.0,1.0,2.0,House,feature
987,212.5,817.0,550000.0,4.0,2.0,5.0,House,standard
989,212.5,812.0,740000.0,5.0,2.0,6.0,House,feature
991,98.0,127.0,270000.0,1.0,1.0,1.0,Unit,feature
992,98.0,127.0,390000.0,2.0,2.0,2.0,Unit,feature
993,212.5,802.0,495000.0,4.0,2.0,2.0,House,feature
996,203.0,600.0,601000.0,4.0,2.0,2.0,House,standard
997,209.6,800.0,655000.0,4.0,2.0,2.0,House,standard
998,180.0,450.0,675000.0,4.0,2.0,3.0,House,standard
999,120.0,127.0,399000.0,2.0,2.0,2.0,Unit,feature
